"time","Stimulation_time","id"
1,31,1
2,36,1
3,41,1
4,46,1
5,51,1
6,56,1
7,61,1
8,66,1
9,71,1
10,76,1
11,81,1
12,86,1
13,91,1
14,96,1
15,101,1
16,106,1
17,111,1
18,116,1
19,121,1
20,126,1
21,131,1
22,136,1
23,141,1
24,146,1
25,151,1
26,156,1
27,161,1
28,166,1
29,171,1
30,176,1
31,181,1
32,186,1
33,191,1
34,196,1
35,201,1
36,206,1
37,211,1
38,216,1
39,221,1
40,226,1
41,231,1
42,236,1
43,241,1
44,246,1
45,251,1
46,256,1
47,261,1
48,266,1
49,271,1
50,276,1
51,281,1
52,286,1
53,291,1
54,296,1
55,301,1
56,306,1
57,311,1
58,316,1
59,321,1
60,326,1
61,331,1
62,336,1
63,341,1
64,346,1
65,351,1
66,356,1
67,361,1
68,366,1
69,371,1
70,376,1
71,381,1
72,386,1
73,391,1
74,396,1
75,401,1
76,406,1
77,411,1
78,416,1
79,421,1
80,426,1
81,431,1
82,436,1
83,441,1
84,446,1
85,451,1
86,456,1
87,461,1
88,466,1
89,471,1
90,476,1
91,481,1
92,486,1
93,491,1
94,496,1
95,501,1
96,506,1
97,511,1
98,516,1
99,521,1
100,526,1
101,531,1
102,536,1
103,541,1
104,546,1
105,551,1
106,556,1
107,561,1
108,566,1
109,571,1
110,576,1
111,581,1
112,586,1
113,591,1
114,596,1
115,601,1
116,606,1
117,611,1
118,616,1
119,621,1
120,626,1
